IpwEpsGreedy,PolicyScreeningEpsGreedy,IpwBootTS,PolicyScreeningBootTS,MonotoneTreeBootTS,RandomAction,optimal
8.903396747719322,6.429367270990586,10.03716363620699,9.908412335176019,7.78685365057089,8.194554247606929,6.338068420812816
