IpwEpsGreedy,PolicyScreeningEpsGreedy,IpwBootTS,PolicyScreeningBootTS,MonotoneTreeBootTS,RandomAction,optimal
8.903396747719322,6.429367270990586,10.03716363620699,9.908412335176019,7.78685365057089,8.194554247606929,6.338068420812816
9.817859981238406,8.4746691099189,9.281341801124663,8.691102726161954,7.230438019649694,7.584529580916195,7.208967005454764
