IpwEpsGreedy,PolicyScreeningEpsGreedy,IpwBootTS,PolicyScreeningBootTS,MonotoneTreeBootTS,RandomAction,optimal
8.903396747719322,6.429367270990586,10.03716363620699,9.908412335176019,7.78685365057089,8.194554247606929,6.338068420812816
9.817859981238406,8.4746691099189,9.281341801124663,8.691102726161954,7.230438019649694,7.584529580916195,7.208967005454764
9.764681269059889,8.156705858348205,8.771310634403125,7.443073225827463,7.206006738266138,8.132423651941648,6.73305720094065
9.161281209884308,7.977143253086066,9.191463012106992,5.552015160992246,7.805520126861641,6.9041545127258095,7.76100614174924
