IpwEpsGreedy,PolicyScreeningEpsGreedy,RandomAction,optimal
-18.989099306807585,-20.408358636054995,-19.257868010283502,7.406303969508256
