IpwEpsGreedy,PolicyScreeningEpsGreedy,IpwBootTS,PolicyScreeningBootTS,RandomAction,optimal
-113.57608313116522,50.28614645769143,-30.228772903898545,-11.054569901576198,20.238234552942522,25.875243064502346
-62.409738949698706,-38.86988418988711,-10.893708330762859,-48.10390312854521,-47.537492911343506,-22.571825044810627
41.495445894305,26.590083093255664,-23.51206693953734,-23.52885453108152,-32.80699880214525,39.10095583517064
-64.04171318106576,5.086518990510139,-5.910501539366357,104.85641266777702,-12.709231672656955,16.145840666230683
5.972629419520463,40.03739764789962,5.241823373606811,43.432603156815595,-38.346873210985535,-15.292211000650916
44.899018922699675,-64.98441450047474,-47.05291857573438,50.248941967713726,-1.1983820221738917,-19.499341686708462
58.932125825192394,16.748918146565636,44.76163467648853,47.41458910266374,31.343958205102346,4.391591972220262
