IpwEpsGreedy,PolicyScreeningEpsGreedy,RandomAction,optimal
-18.989099306807585,-20.408358636054995,-19.257868010283502,7.406303969508256
23.276342902843204,18.848495512145092,-9.74018615502383,3.750700689260891
