IpwEpsGreedy,PolicyScreeningEpsGreedy,RandomAction,optimal
-96.43201764514181,-2.3606705576207077,-101.62079281218578,52.74734861803818
