IpwEpsGreedy,PolicyScreeningEpsGreedy,IpwBootTS,PolicyScreeningBootTS
617.3938242368712,690.7891424484411,748.3787145881138,944.4544541930894
