IpwEpsGreedy,PolicyScreeningEpsGreedy,IpwBootTS,PolicyScreeningBootTS
617.3938242368712,690.7891424484411,748.3787145881138,944.4544541930894
882.3529129431274,798.317662648461,902.4612208002835,757.8350187507084
