IpwEpsGreedy,PolicyScreeningEpsGreedy,IpwBootTS,PolicyScreeningBootTS
655.9151779993781,727.7725932948265,885.5973180255996,721.4134797171271
