IpwEpsGreedy,PolicyScreeningEpsGreedy,IpwBootTS,PolicyScreeningBootTS
743.5962075772734,762.2252046497553,978.9617673007908,1091.5587852644285
905.3178668688741,684.3214969544612,889.6158392951965,1077.7730619263345
