IpwEpsGreedy,PolicyScreeningEpsGreedy,IpwBootTS,PolicyScreeningBootTS
743.5962075772734,762.2252046497553,978.9617673007908,1091.5587852644285
905.3178668688741,684.3214969544612,889.6158392951965,1077.7730619263345
952.6303442063115,874.3719894296344,1009.7225709566156,880.5096678877266
