IpwEpsGreedy,PolicyScreeningEpsGreedy,IpwBootTS,PolicyScreeningBootTS
655.9151779993781,727.7725932948265,885.5973180255996,721.4134797171271
1001.4669680375215,840.1172430227842,1036.9598049903025,797.3979460744365
