IpwEpsGreedy,PolicyScreeningEpsGreedy,IpwBootTS,PolicyScreeningBootTS
743.5962075772734,762.2252046497553,978.9617673007908,1091.5587852644285
