IpwEpsGreedy,PolicyScreeningEpsGreedy,non_dominated_policies
130.51054908346134,182.1249630075848,[2]
125.07493698684809,152.27639616186406,[2]
103.3572965312789,130.4785594015291,[2]
103.29471062376072,152.26399997817038,[2]
