IpwEpsGreedy,PolicyScreeningEpsGreedy,non_dominated_policies
76.19077687147904,155.00543984431692,"[0, 2, 5, 6, 7, 9, 11, 12, 13, 16, 17, 18, 19]"
95.1438166199523,127.76150930810184,"[0, 5, 6, 9, 11, 16, 17, 18, 19]"
48.95518303851762,149.8655054430793,"[0, 1, 2, 5, 6, 7, 8, 9, 11, 12, 13, 14, 16, 17, 18, 19]"
182.1248954797005,130.5965032670303,"[0, 1, 2, 5, 6, 7, 8, 9, 11, 12, 13, 14, 16, 17, 18, 19]"
209.30770759111104,179.40853476342153,"[0, 1, 2, 4, 5, 6, 7, 8, 9, 10, 11, 12, 13, 14, 15, 16, 17, 18, 19]"
81.54923144065279,233.79726166629965,"[0, 1, 2, 4, 5, 6, 7, 8, 9, 10, 11, 12, 13, 14, 15, 16, 17, 18, 19]"
176.83646663325135,103.45539551730026,"[0, 1, 2, 4, 5, 6, 7, 8, 9, 10, 11, 12, 13, 14, 15, 16, 17, 18, 19]"
179.49780959183445,233.77513520183828,"[0, 2, 4, 5, 6, 7, 8, 9, 10, 11, 12, 13, 14, 15, 16, 17, 18, 19]"
149.51422989554513,182.12489624381843,"[0, 2, 4, 5, 6, 7, 8, 9, 10, 11, 12, 13, 14, 16, 17, 18, 19]"
