IpwEpsGreedy,PolicyScreeningEpsGreedy,non_dominated_policies
103.29515739926022,154.94358447904267,"[10, 13, 17, 18]"
157.66778690309008,155.0682391058793,"[10, 13, 17, 18]"
130.60188330963362,125.04182877056674,"[10, 13, 17, 18]"
130.63665792032685,206.68887018383566,"[10, 13, 17, 18]"
