IpwEpsGreedy,PolicyScreeningEpsGreedy,non_dominated_policies
103.29515739926022,154.94358447904267,"[10, 13, 17, 18]"
157.66778690309008,155.0682391058793,"[10, 13, 17, 18]"
