IpwEpsGreedy,PolicyScreeningEpsGreedy,IpwBootTS,PolicyScreeningBootTS,MonotoneTreeBootTS,RandomAction,optimal
7.920700351765854,6.787543560060226,8.353222085902464,7.019305080069915,7.028906017775775,6.416419426247355,7.930968270487008
8.543741730743598,7.769658693518197,7.9783457859295455,8.811834476397248,6.824808049773485,6.181455189074194,7.822776098071675
7.631366773829485,5.203491769116965,8.566084771243943,7.381055698533216,6.937772492800223,7.148252451270123,6.944796467348073
8.19105801059693,7.005173390475355,8.733024658226245,6.0281623431664215,7.176759257539804,7.250230263238575,8.28253387078642
