IpwEpsGreedy,PolicyScreeningEpsGreedy,IpwBootTS,PolicyScreeningBootTS,MonotoneTreeBootTS,RandomAction,optimal
7.920700351765854,6.787543560060226,8.353222085902464,7.019305080069915,7.028906017775775,6.416419426247355,7.930968270487008
