IpwEpsGreedy,IpwBootTS,RandomAction,eps_greedy_policy,optimal_outcome_actions,optimal_policy,optimal_outcome_policy
3312.9341506909836,3353.236712110163,3103.559294650877,92,4297.432680373188,7,3706.4786253164148
3356.55527100915,3394.4264598709865,2764.206609762671,92,4191.496037525421,7,3524.6977345824375
